idMedicamento;nome;principioativo;idFarmaceutica;registro
1;ACEBROFILINA;ACEBROFILINA;1;105730609
2;ACICLOVIR;ACICLOVIR;1;105730556
3;ACICLOVIR;ACICLOVIR;1;105730568
4;ALPRAZOLAM;ALPRAZOLAM;1;105730551
5;ACEBROFILINA;ACEBROFILINA;2;155840398
6;ACETATO DE CIPROTERONA+ETINILESTRADIOL;ACETATO DE CIPROTERONA, ETINILESTRADIOL;2;155840400
7;ACETILCISTEINA;ACETILCISTEÍNA;2;155840519
8;ALENDRONATO DE SÓDIO;alendronato de sódio tri-hidratado;2;155840415
9;ACEBROFILINA;ACEBROFILINA;3;100430785
10;ACETATO DE ABIRATERONA;acetato de abiraterona;3;100431245
11;ACETATO DE CASPOFUNGINA;ACETATO DE CASPOFUNGINA;3;100431107
12;ACETILCISTEINA;ACETILCISTEÍNA;3;100430771
13;ACETILCISTEINA;ACETILCISTEÍNA;3;100430772
14;ALGESTONA ACETOFENIDA + ENANTATO DE ESTRADIOL;ALGESTONA ACETOFENIDA, ENANTATO DE ESTRADIOL;3;100430986
15;ALPRAZOLAM;ALPRAZOLAM;3;100430041
16;AMOXICILINA;AMOXICILINA TRI-hIDRATADA;3;100430727
17;AMOXICILINA;AMOXICILINA TRIHIDRATADA;3;100430728
18;AMOXICILINA;AMOXICILINA TRI-hIDRATADA;3;100430802
19;ACEBROFILINA;ACEBROFILINA;4;154230123
20;ACETATO DE PREDNISOLONA;ACETATO DE PREDNISOLONA;4;154230190
21;ACETILCISTEÍNA;ACETILCISTEÍNA;4;154230108
22;ACETILCISTEÍNA;ACETILCISTEÍNA;4;154230289
23;ACETONIDA DE TRIANCINOLONA;ACETONIDA DE TRIANCINOLONA;4;154230131
24;ACEBROFILINA;ACEBROFILINA;5;125680159
25;ACETATO DE DEXAMETASONA;ACETATO DE DEXAMETASONA;5;125680126
26;ACETILCISTEÍNA;ACETILCISTEÍNA;5;125680100
27;ACETILCISTEÍNA;ACETILCISTEÍNA;5;125680127
28;ACICLOVIR;ACICLOVIR;5;125680111
29;ACICLOVIR;ACICLOVIR;5;125680163
30;ALBENDAZOL;ALBENDAZOL;5;125680029
31;ALBENDAZOL;ALBENDAZOL;5;125680052
32;ALOPURINOL;ALOPURINOL;5;125680191
33;ACECLOFENACO;ACECLOFENACO;6;102350841
34;ACECLOFENACO;ACECLOFENACO;6;102351053
35;ACETATO DE DEXAMETASONA;ACETATO DE DEXAMETASONA;6;102350848
36;ACETILCISTEINA;ACETILCISTEÍNA;6;102350630
37;ACETILCISTEÍNA;ACETILCISTEÍNA;6;102350631
38;ACETONIDA DE TRIANCINOLONA;TRIANCINOLONA ACETONIDA;6;102350735
39;ACETONIDO DE TRIANCINOLONA+SULFATO DE NEOMICINA+GRAMICIDINA+NISTATINA;GRAMICIDINA, NISTATINA, SULFATO DE NEOMICINA, TRIANCINOLONA ACETONIDA;6;102350651
40;ACETONIDO DE TRIANCINOLONA+SULFATO DE NEOMICINA+GRAMICIDINA+NISTATINA;GRAMICIDINA, NISTATINA, SULFATO DE NEOMICINA, TRIANCINOLONA ACETONIDA;6;102350650
41;ACIDO ACETILSALICILICO;ÁCIDO ACETILSALICÍLICO;6;102350508
42;ADAPALENO;ADAPALENO;6;102350749
43;AGOMELATINA;AGOMELATINA;6;102351276
44;ALBENDAZOL;ALBENDAZOL;6;102350513
45;ALBENDAZOL;ALBENDAZOL;6;102350662
46;ALENDRONATO DE SÓDIO;alendronato de sódio tri-hidratado;6;102351128
47;ALGESTONA ACETOFENIDA + ENANTATO DE ESTRADIOL;ALGESTONA ACETOFENIDA, ENANTATO DE ESTRADIOL;6;102350783
48;ALPRAZOLAM;ALPRAZOLAM;6;102350663
49;AMOXICILINA;AMOXICILINA TRI-hIDRATADA;6;102350465
50;AMOXICILINA;AMOXICILINA TRI-hIDRATADA;6;102350455
51;AMOXICILINA;AMOXICILINA TRI-hIDRATADA;6;102350665
52;AMOXICILINA;AMOXICILINA TRI-hIDRATADA;6;102350608
53;ACECLOFENACO;ACECLOFENACO;7;105830541
54;ACECLOFENACO;ACECLOFENACO;7;105830742
55;ACETATO DE DEXAMETASONA;ACETATO DE DEXAMETASONA;7;105830544
56;ACETILCISTEINA;ACETILCISTEÍNA;7;105830286
57;ACETILCISTEÍNA;ACETILCISTEÍNA;7;105830289
58;ACETONIDA DE TRIANCINOLONA;ACETONIDA DE TRIANCINOLONA;7;105830393
59;ADAPALENO;ADAPALENO;7;105830421
60;AMOXICILINA;AMOXICILINA TRI-hIDRATADA;7;105830890
61;ACECLOFENACO;ACECLOFENACO;8;167730357
62;ACIDO TRANEXAMICO;ÁCIDO TRANEXÂMICO;8;167730151
63;ALENDRONATO DE SÓDIO;alendronato de sódio tri-hidratado;8;167730074
64;ACECLOFENACO;ACECLOFENACO;9;126750156
65;ALBENDAZOL;ALBENDAZOL;9;126750102
66;ACECLOFENACO;ACECLOFENACO;10;123520100
67;ACICLOVIR;ACICLOVIR;10;123520057
68;ACECLOFENACO;ACECLOFENACO;11;103920172
69;AMINOFILINA;AMINOFILINA;11;103920165
70;ACECLOFENACO;ACECLOFENACO;12;156510064
71;ALPRAZOLAM;ALPRAZOLAM;12;156510024
72;AMIODARONA;CLORIDRATO DE AMIODARONA;12;156510070
73;ACETATO DE ABIRATERONA;acetato de abiraterona;13;151430028
74;ACETATO DE ABIRATERONA;acetato de abiraterona;14;100470619
75;ACETATO DE CIPROTERONA + ETINILESTRADIOL;ACETATO DE CIPROTERONA, ETINILESTRADIOL;14;100470566
76;ACICLOVIR;ACICLOVIR;14;100470329
77;ACIDO MEFENAMICO;ÁCIDO MEFENÂMICO;14;100470531
78;ACETATO DE CIPROTERONA;ACETATO DE CIPROTERONA;15;104971386
79;ACETATO DE DEXAMETASONA;ACETATO DE DEXAMETASONA;15;104971334
80;ACETATO DE HIDROCORTISONA;ACETATO DE HIDROCORTISONA;15;104971333
81;AMOXICILINA;AMOXICILINA;15;104970279
82;ACETATO DE CIPROTERONA+ETINILESTRADIOL;ACETATO DE CIPROTERONA, ETINILESTRADIOL;16;155890004
83;ACETATO DE CIPROTERONA+ETINILESTRADIOL;ACETATO DE CIPROTERONA, ETINILESTRADIOL;17;177940029
84;ACETATO DE DEXAMETASONA;ACETATO DE DEXAMETASONA;18;143810145
85;ALBENDAZOL;ALBENDAZOL;18;143810187
86;AMOXICILINA;AMOXICILINA;18;143810110
87;ACETATO DE DEXAMETASONA;ACETATO DE DEXAMETASONA;19;135690424
88;ACETILCISTEÍNA;ACETILCISTEÍNA;19;135690259
89;ALGESTONA ACETOFENIDA + ENANTATO DE ESTRADIOL;ALGESTONA ACETOFENIDA, ENANTATO DE ESTRADIOL;19;135690345
90;ACETATO DE DEXAMETASONA;ACETATO DE DEXAMETASONA;20;118190173
91;ACICLOVIR;ACICLOVIR;20;118190065
92;ACETILCISTEINA;ACETILCISTEÍNA;21;112130486
93;ALBENDAZOL;;21;112130396
94;ALENDRONATO DE SODIO;alendronato de sódio;21;112130454
95;ACICLOVIR;ACICLOVIR;22;102980250
96;ACIDO ZOLEDRONICO;ácido zoledrônico monoidratado;22;102980415
97;AITRAVIC;TRAVOPROSTA;22;102980463
98;ALZ;CLORIDRATO DE MEMANTINA;22;102980460
99;ACICLOVIR;ACICLOVIR, ACICLOVIR SÓDICO;23;103700610
100;ALBENDAZOL;ALBENDAZOL;23;103700492
101;ALBENDAZOL 40 MG/ML SUSPENSÃO ORAL;ALBENDAZOL;23;103700313
102;ALENDRONATO DE SODIO;alendronato de sódio;23;103700604
103;AMINOFILINA;AMINOFILINA;23;103700286
104;AMINOFILINA;AMINOFILINA;23;103700445
105;AMOXICILINA;AMOXICILINA;23;103700447
106;AMOXICILINA;AMOXICILINA;23;103700504
107;ACICLOVIR;ACICLOVIR;24;100890280
108;ACICLOVIR;ACICLOVIR;24;100890334
109;ACIDO ZOLEDRONICO;ácido zoledrônico monoidratado;25;155620038
110;ACIDO ZOLEDRONICO;ácido zoledrônico monoidratado;26;116370129
111;ACOLITIUM;CARBONATO DE LÍTIO;27;101910166
112;ADENOSINA;ADENOSINA;28;113430182
113;AMINOFILINA;AMINOFILINA;28;113430118
114;AMINOFILINA;AMINOFILINA;28;113430165
115;AGUD;FOSFATO DE CODEÍNA, PARACETAMOL;29;109740273
116;AIPRI;ARIPIPRAZOL;30;178170852
117;ALBENDAZOL;ALBENDAZOL;31;183260193
118;ALENDRONATO DE SODIO;alendronato de sódio tri-hidratado;32;110390197
119;ALFAESTRADIOL;ALFAESTRADIOL;33;106460190
120;AMINOFILINA;AMINOFILINA;34;103870059
121;AMOXICILINA;AMOXICILINA;35;151670028
122;AMOXICILINA;AMOXICILINA TRI-hIDRATADA;36;104400196
123;AMOXICILINA;AMOXICILINA;15;104971359
124;AMOXICILINA + CLAVULANATO DE POTASSIO;AMOXICILINA TRI-hIDRATADA, CLAVULANATO DE POTÁSSIO;6;102350532
125;AMOXICILINA + CLAVULANATO DE POTASSIO;AMOXICILINA, CLAVULANATO DE POTÁSSIO;6;102350528
126;AMOXICILINA + CLAVULANATO DE POTÁSSIO;AMOXICILINA, CLAVULANATO DE POTÁSSIO;35;151670023
127;AMOXICILINA + CLAVULANATO DE POTÁSSIO;AMOXICILINA TRI-hIDRATADA, CLAVULANATO DE POTÁSSIO;37;100380101
128;AMOXICILINA + CLAVULANATO DE POTÁSSIO;AMOXICILINA TRI-hIDRATADA, CLAVULANATO DE POTÁSSIO;37;100380102
129;AMOXICILINA + CLAVULANATO DE POTÁSSIO;AMOXICILINA, CLAVULANATO DE POTÁSSIO;6;102350845
130;AMOXICILINA + CLAVULANATO DE POTÁSSIO;AMOXICILINA SÓDICA, CLAVULANATO DE POTÁSSIO;3;100430811
131;AMOXICILINA + CLAVULANATO DE POTÁSSIO;AMOXICILINA, CLAVULANATO DE POTÁSSIO;9;126750325
132;AMOXICILINA + CLAVULANATO DE POTÁSSIO;AMOXICILINA, CLAVULANATO DE POTÁSSIO;10;123520150
133;AMOXICILINA TRI-HIDRATADA;AMOXICILINA TRIHIDRATADA;1;105730545
134;AMOXICILINA TRIHIDRATADA;AMOXICILINA TRIHIDRATADA;38;104810142
135;AMOXICILINA TRIIDRATADA;AMOXICILINA TRI-hIDRATADA;20;118190092
136;AMOXICILINA+CLAVULANATO DE POTASSIO;AMOXICILINA TRI-hIDRATADA, CLAVULANATO DE POTÁSSIO;5;125680256
137;AMPICILINA;AMPICILINA;6;102350431
138;AMPICILINA;AMPICILINA, AMPICILINA ANIDRA;20;118190170
139;AMPICILINA;AMPICILINA;5;125680201
140;AMPICILINA;AMPICILINA;5;125680144
141;AMPICILINA SÓDICA;AMPICILINA SÓDICA;23;103700299
142;AMPICILINA SÓDICA + SULBACTAM SÓDICA;AMPICILINA SÓDICA, SULBACTAM SÓDICo;35;151670022
143;AMPICILINA SÓDICA + SULBACTAM SÓDICO;AMPICILINA SÓDICA, SULBACTAM SÓDICo;39;188300001
144;ANASTROZOL;ANASTROZOL;6;102351216
145;ANASTROZOL;ANASTROZOL;40;100410161
146;ANIDULAFUNGINA;anidulafungina;41;121100298
147;ANLO;BESILATO DE ANLODIPINO;19;135690680
148;ARACOR HCT;HIDROCLOROTIAZIDA, VALSARTANA;9;126750296
149;ARADOIS ANLO;BESILATO DE ANLODIPINO, losartana potássica;29;109740248
150;ARAZABI;ANASTROZOL;6;102351234
151;ARIPIPRAZOL;ARIPIPRAZOL;21;112130436
152;ARIPIPRAZOL;ARIPIPRAZOL;2;155840552
153;ARIPIPRAZOL;ARIPIPRAZOL;14;100470587
154;ARIPIPRAZOL;ARIPIPRAZOL;42;156490007
155;ARIPIPRAZOL;ARIPIPRAZOL;12;156510057
156;ARTEROX;VALSARTANA;43;135170040
157;ATELOP;besilato de levanlodipino;6;102351268
158;ATENOLOL;ATENOLOL;44;105530332
159;ATENOLOL;ATENOLOL;1;105730540
160;ATENOLOL;ATENOLOL;45;147420009
161;ATENOLOL;ATENOLOL;2;155840470
162;ATENOLOL;ATENOLOL;18;143810168
163;ATENOLOL;ATENOLOL;22;102980342
164;ATENOLOL;ATENOLOL;6;102350458
165;ATENOLOL;ATENOLOL;23;103700396
166;ATENOLOL;ATENOLOL;14;100470363
167;ATENOLOL;ATENOLOL;11;103920168
168;ATENOLOL + CLORTALIDONA;ATENOLOL, CLORTALIDONA;1;105730552
169;ATENOLOL + CLORTALIDONA;ATENOLOL, CLORTALIDONA;6;102350639
170;ATENOLOL + CLORTALIDONA;ATENOLOL, CLORTALIDONA;3;100430951
171;ATENOLOL + CLORTALIDONA;ATENOLOL, CLORTALIDONA;4;154230187
172;ATENOLOL + CLORTALIDONA;ATENOLOL, CLORTALIDONA;7;105830312
173;ATOBACH;tacrolimo monoidratado;7;105830934
174;ATORVASTATINA CALCICA;ATORVASTATINA CÁLCICA;46;110630136
175;ATORVASTATINA CALCICA;ATORVASTATINA CÁLCICA;31;183260101
176;ATORVASTATINA CALCICA;ATORVASTATINA CÁLCICA;14;100470543
177;ATORVASTATINA CÁLCICA;ATORVASTATINA CÁLCICA;2;155840418
178;ATORVASTATINA CÁLCICA;ATORVASTATINA CÁLCICA;18;143810173
179;ATORVASTATINA CÁLCICA;ATORVASTATINA CÁLCICA;6;102351119
180;ATORVASTATINA CÁLCICA;ATORVASTATINA CÁLCICA;3;100431075
181;ATORVASTATINA CÁLCICA;ATORVASTATINA CÁLCICA;3;100431137
182;ATORVASTATINA CÁLCICA;ATORVASTATINA CÁLCICA;23;103700562
183;ATROVERAN DIP;DIPIRONA;30;178170862
184;ATTOSY;acetato de atosibana;47;155370058
185;AVIV;succinato de desvenlafaxina monoidratado;30;178170863
186;AXETIL CEFUROXIMA;axetilcefuroxima;10;123520073
187;AXETILCEFUROXIMA;axetilcefuroxima;35;151670039
188;AXETILCEFUROXIMA;axetilcefuroxima;2;155840565
189;AXETILCEFUROXIMA;axetilcefuroxima;10;123520235
190;AZI IV;AZITROMICINA DI-hIDRATADA;19;135690727
191;AZIMED;AZITROMICINA DI-hIDRATADA;18;143810221
192;AZITROMICINA;AZITROMICINA;48;103460016
193;AZITROMICINA;AZITROMICINA DI-hIDRATADA;49;115600169
194;AZITROMICINA;AZITROMICINA DI-hIDRATADA;18;143810205
195;AZITROMICINA;AZITROMICINA;6;102350522
196;AZITROMICINA;AZITROMICINA, AZITROMICINA DI-hIDRATADA;6;102350560
197;AZITROMICINA;AZITROMICINA DI-hIDRATADA;3;100431081
198;AZITROMICINA;AZITROMICINA DI-hIDRATADA;28;113430189
199;AZITROMICINA;AZITROMICINA DI-hIDRATADA;50;105350160
200;AZITROMICINA;AZITROMICINA;23;103700490
201;AZITROMICINA;AZITROMICINA DI-hIDRATADA;51;109170097
202;AZITROMICINA;AZITROMICINA DI-hIDRATADA;52;117170070
203;AZITROMICINA;AZITROMICINA, AZITROMICINA DI-hIDRATADA;5;125680183
204;AZITROMICINA;AZITROMICINA;5;125680185
205;AZITROMICINA;AZITROMICINA DI-hIDRATADA;10;123520112
206;AZITROMICINA DIIDRATADA;AZITROMICINA DI-hIDRATADA;4;154230167
207;AZITROMICINA MONOIDRATADA 500MG;AZITROMICINA;25;155620036
208;AZOX;NITAZOXANIDA;3;100431228
209;AZTREONAM;AZTREONAM;53;100630231
210;Acebrofilina;ACEBROFILINA;23;103700462
211;Acetato de Dexametasona;ACETATO DE DEXAMETASONA;4;154230075
212;Acetato de Dexametasona;ACETATO DE DEXAMETASONA;23;103700479
213;Acetato de abiraterona;acetato de abiraterona;54;146820068
214;Acetato de clormadinona + etinilestradiol;ACETATO DE CLORMADINONA, ETINILESTRADIOL;55;122140103
215;Acetato de dexametasona;ACETATO DE DEXAMETASONA;56;107140249
216;Acetilcisteina;ACETILCISTEÍNA;15;104971317
217;Acetilcisteína;ACETILCISTEÍNA;23;103700580
218;Aciclovir;ACICLOVIR;26;116370061
219;Alprazolam;ALPRAZOLAM;23;103700545
220;Aminofilina;AMINOFILINA;57;110850024
221;Amoxicilina;AMOXICILINA;35;151670019
222;Amoxicilina;AMOXICILINA TRI-hIDRATADA, AMOXICILINA TRIHIDRATADA;18;143810111
223;Amoxicilina;AMOXICILINA TRIHIDRATADA;20;118190091
224;Amoxicilina;AMOXICILINA;5;125680156
225;Amoxicilina;AMOXICILINA;10;123520184
226;Amoxicilina;AMOXICILINA TRI-hIDRATADA;14;100470427
227;Amoxicilina;AMOXICILINA TRI-hIDRATADA;42;156490003
228;Amoxicilina + Clavulanato de Potássio;AMOXICILINA, CLAVULANATO DE POTÁSSIO;6;102350819
229;Amoxicilina + Clavulanato de Potássio;AMOXICILINA TRI-hIDRATADA, CLAVULANATO DE POTÁSSIO;3;100431004
230;Amoxicilina + clavulanato de Potássio;AMOXICILINA TRI-hIDRATADA, CLAVULANATO DE POTÁSSIO;36;104400203
231;Ampicilina Sódica + Sulbactam Sódico;AMPICILINA SÓDICA, SULBACTAM SÓDICo;58;114020046
232;Anastrozol;ANASTROZOL;14;100470609
233;Azitromicina di-hidratada;AZITROMICINA DI-hIDRATADA;1;105730706
234;BACLOFENO;BACLOFENO;15;104971385
235;BALEFIO;acetato de abiraterona;13;151430034
236;BENZOILMETRONIDAZOL;BENZOILMETRONIDAZOL;6;102350492
237;BESILATO DE ANLODIPINO;BESILATO DE ANLODIPINO;38;104810103
238;BESILATO DE ANLODIPINO;BESILATO DE ANLODIPINO;1;105730597
239;BESILATO DE ANLODIPINO;BESILATO DE ANLODIPINO;59;104920183
240;BESILATO DE ANLODIPINO;BESILATO DE ANLODIPINO;18;143810161
241;BESILATO DE ANLODIPINO;BESILATO DE ANLODIPINO;22;102980341
242;BESILATO DE ANLODIPINO;BESILATO DE ANLODIPINO;6;102350536
243;BESILATO DE ANLODIPINO;BESILATO DE ANLODIPINO;4;154230207
244;BESILATO DE ANLODIPINO;BESILATO DE ANLODIPINO;23;103700372
245;BESILATO DE ANLODIPINO;BESILATO DE AMLODIPINA;60;101810375
246;BESILATO DE ANLODIPINO;BESILATO DE ANLODIPINO;24;100890273
247;BESILATO DE ANLODIPINO;BESILATO DE ANLODIPINO;10;123520111
248;BESILATO DE ANLODIPINO;BESILATO DE ANLODIPINO;12;156510003
249;BESILATO DE ANLODIPINO + LOSARTANA POTÁSSICA;BESILATO DE ANLODIPINO, losartana potássica;6;102351130
250;BESILATO DE ANLODIPINO + LOSARTANA POTÁSSICA;BESILATO DE ANLODIPINO, losartana potássica;7;105830945
251;BESILATO DE ANLODIPINO+ATENOLOL;ATENOLOL, BESILATO DE ANLODIPINO;6;102351274
252;BESILATO DE CISATRACÚRIO;BESILATO DE CISATRACÚRIO;47;155370062
253;BETAMETASONA;BETAMETASONA;6;102350568
254;BETAMETASONA;BETAMETASONA;6;102350570
255;BETAMETASONA;BETAMETASONA;19;135690463
256;BETAMETASONA;BETAMETASONA;3;100430818
257;BETAMETASONA;BETAMETASONA;7;105830580
258;BETAMETASONA;BETAMETASONA;5;125680060
259;BEZAFIBRATO;BEZAFIBRATO;6;102350655
260;BICALUTAMIDA;BICALUTAMIDA;3;100431055
261;BICERTO;CETOPROFENO;3;100431249
262;BILASTINA;bilastina;6;102351262
263;BINAV;entricitabina, fumarato de tenofovir desoproxila;61;115240006
264;BISSULFATO DE CLOPIDOGREL;bissulfato de clopidogrel;47;155370057
265;BISSULFATO DE CLOPIDOGREL;bissulfato de clopidogrel;35;151670046
266;BISSULFATO DE CLOPIDOGREL;bissulfato de clopidogrel;2;155840510
267;BISSULFATO DE CLOPIDOGREL;bissulfato de clopidogrel;18;143810182
268;BISSULFATO DE CLOPIDOGREL;bissulfato de clopidogrel;3;100431133
269;BISSULFATO DE CLOPIDOGREL;bissulfato de clopidogrel;32;110390170
270;BISSULFATO DE CLOPIDOGREL;bissulfato de clopidogrel;4;154230226
271;BISSULFATO DE CLOPIDOGREL;bissulfato de clopidogrel;14;100470424
272;BORTEZOMIBE;BORTEZOMIBE;13;151430022
273;BORTEZOMIBE;BORTEZOMIBE;33;106460208
274;BORTEZOMIBE;BORTEZOMIBE;14;100470537
275;BORTEZOMIBE;BORTEZOMIBE;54;146820062
276;BOSENTANA;Bosentana monoidratada;62;155380003
277;BOSENTANA;BOSENTANA;55;122140086
278;BRAMICAR HCT;HIDROCLOROTIAZIDA, TELMISARTANA;19;135690729
279;BRAVAN HCT;HIDROCLOROTIAZIDA, VALSARTANA;1;105730514
280;BROMAZEPAM;BROMAZEPAM;6;102350469
281;BROMAZEPAM;BROMAZEPAM;3;100430897
282;BROMAZEPAM;BROMAZEPAM;23;103700495
283;BROMAZEPAM;BROMAZEPAM;15;104971206
284;BROMETO DE  N-BUTIL ESCOPOLAMINA + DIPIRONA SODICA;BUTILBROMETO DE ESCOPOLAMINA, DIPIRONA;6;102350493
285;BROMETO DE IPRATROPIO;BROMETO DE IPRATRÓPIO;63;141070083
286;BROMETO DE IPRATROPIO;BROMETO DE IPRATRÓPIO;15;104971205
287;BROMETO DE IPRATRÓPIO;BROMETO DE IPRATRÓPIO;50;105350150
288;BROMETO DE IPRATRÓPIO;BROMETO DE IPRATRÓPIO;23;103700466
289;BROMETO DE IPRATRÓPIO;BROMETO DE IPRATRÓPIO;9;126750122
290;BROMETO DE IPRATRÓPIO;BROMETO DE IPRATRÓPIO;5;125680090
291;BROMETO DE N-BUTILESCOPOLAMINA + DIPIRONA;BUTILBROMETO DE ESCOPOLAMINA, DIPIRONA;5;125680083
292;BROMETO DE PINAVERIO;BROMETO DE PINAVÉRIO;23;103700581
293;BROMETO DE PINAVÉRIO;BROMETO DE PINAVÉRIO;7;105830756
294;BROMETO DE PINAVÉRIO;BROMETO DE PINAVÉRIO;8;167730371
295;BROMETO DE ROCURONIO;BROMETO DE ROCURÔNIO;25;155620049
296;BROMIDRATO DE CITALOPRAM;BROMIDRATO DE CITALOPRAM;6;102350864
297;BROMIDRATO DE CITALOPRAM;BROMIDRATO DE CITALOPRAM;7;105830563
298;BROMIDRATO DE CITALOPRAM;BROMIDRATO DE CITALOPRAM;23;103700611
299;BROMIDRATO DE CITALOPRAM;BROMIDRATO DE CITALOPRAM;5;125680272
300;BROMIDRATO DE DARIFENACINA;bromidrato de darifenacina;55;122140098
301;BROMIDRATO DE FENOTEROL;BROMIDRATO DE FENOTEROL;23;103700467
302;BROMIDRATO DE FENOTEROL;BROMIDRATO DE FENOTEROL;5;125680124
303;BROMIDRATO DE GALANTAMINA;BROMIDRATO DE GALANTAMINA;21;112130489
304;BROMIDRATO DE GALANTAMINA;BROMIDRATO DE GALANTAMINA;6;102351133
305;BROMIDRATO DE GALANTAMINA;BROMIDRATO DE GALANTAMINA;64;100330179
306;BROMIDRATO DE GALANTAMINA;BROMIDRATO DE GALANTAMINA;9;126750196
307;BROMOPRIDA;BROMOPRIDA;21;112130367
308;BROMOPRIDA;BROMOPRIDA;6;102350486
309;BROMOPRIDA;BROMOPRIDA;7;105830435
310;BROMOPRIDA;BROMOPRIDA;28;113430130
311;BROMOPRIDA;BROMOPRIDA;28;113430187
312;BROMOPRIDA;BROMOPRIDA;65;162410015
313;BROMOPRIDA;BROMOPRIDA;5;125680093
314;BROMOPRIDA;BROMOPRIDA;5;125680180
315;BROMOPRIDA;BROMOPRIDA;15;104971337
316;BUDESONIDA;BUDESONIDA;6;102351180
317;BUPIUM;CLORIDRATO DE BUPROPIONA;19;135690730
318;BUTILBROMETO DE ESCOPOLAMINA;BUTILBROMETO DE ESCOPOLAMINA;57;110850043
319;BUTILBROMETO DE ESCOPOLAMINA;BUTILBROMETO DE ESCOPOLAMINA;28;113430181
320;BUTILBROMETO DE ESCOPOLAMINA;BUTILBROMETO DE ESCOPOLAMINA;23;103700288
321;BUTILBROMETO DE ESCOPOLAMINA;BUTILBROMETO DE ESCOPOLAMINA;65;162410024
322;BUTILBROMETO DE ESCOPOLAMINA;BUTILBROMETO DE ESCOPOLAMINA;5;125680063
323;BUTILBROMETO DE ESCOPOLAMINA + DIPIRONA SÓDICA;BUTILBROMETO DE ESCOPOLAMINA, DIPIRONA;57;110850031
324;BUTILBROMETO DE ESCOPOLAMINA+DIPIRONA SODICA;BUTILBROMETO DE ESCOPOLAMINA, dipirona monoidratada;66;138410068
325;BUTILBROMETO DE ESCOPOLAMINA+DIPIRONA SODICA;BUTILBROMETO DE ESCOPOLAMINA, dipirona monoidratada;15;104971419
326;BYCAL;BICALUTAMIDA;47;155370055
327;Besilato de Levanlodipino;besilato de levanlodipino;6;102351232
328;Besilato de cisatracúrio;BESILATO DE CISATRACÚRIO;67;193570002
329;Bimatoprosta;BIMATOPROSTA;6;102350951
330;Bimatoprosta;BIMATOPROSTA;4;154230211
331;Bimatoprosta;BIMATOPROSTA;8;167730098
332;Bissulfato de Clopidogrel;bissulfato de clopidogrel;59;104920189
333;Bortezomibe;BORTEZOMIBE;47;155370032
334;Brometo de pinavério;BROMETO DE PINAVÉRIO;6;102351070
335;Bromidrato de Fenoterol;BROMIDRATO DE FENOTEROL;28;113430164
336;Bromidrato de Galantamina;BROMIDRATO DE GALANTAMINA;5;125680250
337;Bromoprida;BROMOPRIDA;6;102350988
338;Bromoprida;BROMOPRIDA;8;167730133
339;Bromoprida;BROMOPRIDA;15;104971342
340;Butilbrometo de Escopolamina;BUTILBROMETO DE ESCOPOLAMINA;28;113430125
341;Butilbrometo de escopolamina;BUTILBROMETO DE ESCOPOLAMINA;15;104971328
342;CAAB;cabazitaxel;47;155370059
343;CABAZITAXEL;cabazitaxel;13;151430019
344;CABAZITAXEL;cabazitaxel;3;100431196
345;CABERGOLINA;CABERGOLINA;59;104920229
346;CABERGOLINA;CABERGOLINA;6;102351161
347;CABERGOLINA;CABERGOLINA;68;198830001
348;CABERGOLINA;CABERGOLINA;46;110630134
349;CABERGOLINA;CABERGOLINA;32;110390214
350;CABERGOLINA;CABERGOLINA;5;125680257
351;CABERGOLINA;CABERGOLINA;55;122140090
352;CANDESARTANA CILEXETILA;CANDESARTANA CILEXETILA;21;112130469
353;CANDESARTANA CILEXETILA;CANDESARTANA CILEXETILA;6;102351089
354;CANDESARTANA CILEXETILA;CANDESARTANA CILEXETILA;7;105830766
355;CANDESARTANA CILEXETILA;CANDESARTANA CILEXETILA;8;167730390
356;CANDESARTANA CILEXETILA;CANDESARTANA CILEXETILA;9;126750175
357;CANDESARTANA CILEXETILA + HIDROCLOROTIAZIDA;CANDESARTANA CILEXETILA, HIDROCLOROTIAZIDA;43;135170012
358;CANDESARTANA CILEXETILA+HIDROCLOROTIAZIDA;CANDESARTANA CILEXETILA, HIDROCLOROTIAZIDA;6;102351097
359;CANDESARTANA CILEXETILA+HIDROCLOROTIAZIDA;CANDESARTANA CILEXETILA, HIDROCLOROTIAZIDA;7;105830773
360;CANDESARTANA CILEXETILA+HIDROCLOROTIAZIDA;CANDESARTANA CILEXETILA, HIDROCLOROTIAZIDA;64;100330177
361;CANDESARTANA CILEXETILA+HIDROCLOROTIAZIDA;CANDESARTANA CILEXETILA, HIDROCLOROTIAZIDA;9;126750179
362;CANDESARTANA CILEXETILA+HIDROCLOROTIAZIDA;CANDESARTANA CILEXETILA, HIDROCLOROTIAZIDA;14;100470529
363;CAPECITABINA;CAPECITABINA;3;100431209
364;CAPECITABINA;CAPECITABINA;54;146820040
365;CAPTOPRIL;;38;104810095
366;CAPTOPRIL;CAPTOPRIL;37;100380098
367;CAPTOPRIL;CAPTOPRIL;18;143810155
368;CAPTOPRIL;CAPTOPRIL;22;102980314
369;CAPTOPRIL;CAPTOPRIL;6;102350454
370;CAPTOPRIL;CAPTOPRIL;50;105350181
371;CAPTOPRIL;CAPTOPRIL;23;103700452
372;CAPTOPRIL;CAPTOPRIL;20;118190163
373;CAPTOPRIL;CAPTOPRIL;5;125680153
374;CAPTOPRIL;CAPTOPRIL;14;100470395
375;CAPTOPRIL;CAPTOPRIL;56;107140267
376;CAPTOPRIL;CAPTOPRIL;11;103920161
377;CARBAMAZEPINA;CARBAMAZEPINA;21;112130224
378;CARBAMAZEPINA;CARBAMAZEPINA;6;102350548
379;CARBAMAZEPINA;CARBAMAZEPINA;28;113430180
380;CARBAMAZEPINA;CARBAMAZEPINA;23;103700472
381;CARBAMAZEPINA;CARBAMAZEPINA;56;107140247
382;CARBAMAZEPINA;CARBAMAZEPINA;15;104971344
383;CARBOCISTEINA;CARBOCISTEÍNA;21;112130335
384;CARBOCISTEINA;CARBOCISTEÍNA;9;126750085
385;CARBOCISTEINA;CARBOCISTEÍNA;5;125680034
386;CARBOCISTEÍNA;CARBOCISTEÍNA;18;143810094
387;CARBOCISTEÍNA;CARBOCISTEÍNA;6;102350461
388;CARBOCISTEÍNA;CARBOCISTEÍNA;6;102350732
389;CARBOCISTEÍNA;CARBOCISTEÍNA;6;102350850
390;CARBOCISTEÍNA;CARBOCISTEÍNA;19;135690426
391;CARBOCISTEÍNA;CARBOCISTEÍNA;4;154230081
392;CARBOCISTEÍNA;CARBOCISTEÍNA;7;105830400
393;CARBOCISTEÍNA;CARBOCISTEÍNA;7;105830492
394;CARBOCISTEÍNA;CARBOCISTEÍNA;7;105830550
395;CARBOCISTEÍNA;CARBOCISTEÍNA;23;103700397
396;CARBOCISTEÍNA;CARBOCISTEÍNA;51;109170074
397;CARBONATO DE LÍTIO;CARBONATO DE LÍTIO;28;113430167
398;CARBOPLATINA;CARBOPLATINA;47;155370003
399;CARBOPLATINA;CARBOPLATINA;69;110130240
400;CARBOPLATINA;CARBOPLATINA;69;110130239
401;CARDBET;CARVEDILOL;9;126750328
402;CARVEDILOL;CARVEDILOL;47;155370025
403;CARVEDILOL;CARVEDILOL;1;105730594
404;CARVEDILOL;CARVEDILOL;6;102351073
405;CARVEDILOL;CARVEDILOL;32;110390175
406;CARVEDILOL;CARVEDILOL;12;156510068
407;CEFACLOR;CEFACLOR;6;102350540
408;CEFACLOR;CEFACLOR;6;102350541
409;CEFADROXILA;CEFADROXILA;35;151670037
410;CEFADROXILA;CEFADROXILA;35;151670026
411;CEFADROXILA;CEFADROXILA;6;102350511
412;CEFADROXILA;CEFADROXILA;6;102350512
413;CEFADROXILA;CEFADROXILA;3;100430733
414;CEFADROXILA;CEFADROXILA;3;100430814
415;CEFALEXINA;CEFALEXINA MONOIDRATADA;25;155620023
416;CEFALEXINA;CEFALEXINA MONOIDRATADA;25;155620022
417;CEFALEXINA;CEFALEXINA;35;151670008
418;CEFALEXINA;CEFALEXINA;2;155840056
419;CEFALEXINA;CEFALEXINA;18;143810118
420;CEFALEXINA;CEFALEXINA;6;102350553
421;CEFALEXINA;CEFALEXINA MONOIDRATADA;3;100430742
422;CEFALEXINA;CEFALEXINA MONOIDRATADA;7;105830417
423;CEFALEXINA;CEFALEXINA;23;103700382
424;CEFALEXINA;CEFALEXINA;23;103700509
425;CEFALEXINA;CEFALEXINA;10;123520063
426;CEFALEXINA;CEFALEXINA;15;104971355
427;CEFALEXINA;CEFALEXINA MONOIDRATADA;15;104971354
428;CEFALEXINA MONOIDRATADA;CEFALEXINA MONOIDRATADA;6;102351156
429;CEFALEXINA MONOIDRATADA;CEFALEXINA MONOIDRATADA;20;118190191
430;CEFALOTINA SODICA;CEFALOTINA SODICA;53;100630240
431;CEFALOTINA SÓDICA;CEFALOTINA SODICA;35;151670006
432;CEFALOTINA SÓDICA;CEFALOTINA SODICA;23;103700298
433;CEFALOTINA SÓDICA;CEFALOTINA SODICA;58;114020038
434;CEFAZOLINA SÓDICA;CEFAZOLINA SÓDICA;25;155620029
435;CEFAZOLINA SÓDICA;CEFAZOLINA SÓDICA;35;151670003
436;CEFAZOLINA SÓDICA;CEFAZOLINA SÓDICA;58;114020033
437;CEFAZOLINA SÓDICA;CEFAZOLINA SÓDICA;15;104971340
438;CEFOTAXIMA SÓDICA;CEFOTAXIMA SÓDICA;35;151670005
439;CEFTAZIDIMA;CEFTAZIDIMA;35;151670010
440;CEFTAZIDIMA PENTAIDRATADA;CEFTAZIDIMA PENTAIDRATADA;70;172230006
441;CEFTFENPRO LP;CETOPROFENO;7;105830930
442;CEFTRIAXONA DISSÓDICA;CEFTRIAXONA DISSÓDICA HEMIEPTAIDRATADA;70;172230008
443;CEFTRIAXONA SODICA;CEFTRIAXONA DISSÓDICA HEMIEPTAIDRATADA;6;102350450
444;CEFTRIAXONA SODICA;CEFTRIAXONA SÓDICA;3;100430706
445;CEFTRIAXONA SÓDICA;CEFTRIAXONA SÓDICA;35;151670009
446;CEFTRIAXONA SÓDICA;CEFTRIAXONA SÓDICA;3;100430710
447;CEFUROXIMA SÓDICA;CEFUROXIMA SÓDICA;35;151670013
448;CELECOXIBE;CELECOXIBE;3;100431220
449;CELECOXIBE;CELECOXIBE;23;103700598
450;CERTARA;CEFADROXILA;36;104400218
451;CERTARA;CEFADROXILA;36;104400219
452;CETOCONAZOL;CETOCONAZOL;38;104810094
453;CETOCONAZOL;CETOCONAZOL;38;104810121
454;CETOCONAZOL;CETOCONAZOL;1;105730629
455;CETOCONAZOL;CETOCONAZOL;21;112130369
456;CETOCONAZOL;CETOCONAZOL;2;155840513
457;CETOCONAZOL;CETOCONAZOL;18;143810105
458;CETOCONAZOL;CETOCONAZOL;18;143810097
459;CETOCONAZOL;CETOCONAZOL;18;143810175
460;CETOCONAZOL;CETOCONAZOL;22;102980280
461;CETOCONAZOL;CETOCONAZOL;22;102980294
462;CETOCONAZOL;CETOCONAZOL;6;102350442
463;CETOCONAZOL;CETOCONAZOL;6;102350459
464;CETOCONAZOL;CETOCONAZOL;6;102350477
465;CETOCONAZOL;CETOCONAZOL;28;113430131
466;CETOCONAZOL;CETOCONAZOL;8;167730618
467;CETOCONAZOL;CETOCONAZOL;71;147610020
468;CETOCONAZOL;CETOCONAZOL;63;141070058
469;CETOCONAZOL;CETOCONAZOL;5;125680055
470;CETOCONAZOL;CETOCONAZOL;10;123520077
471;CETOCONAZOL;CETOCONAZOL;14;100470493
472;CETOCONAZOL + DIPROPIONATO DE BETAMETASONA;CETOCONAZOL, DIPROPIONATO DE BETAMETASONA;6;102350592
473;CETOCONAZOL + DIPROPIONATO DE BETAMETASONA;CETOCONAZOL, DIPROPIONATO DE BETAMETASONA;6;102350591
474;CETOCONAZOL + DIPROPIONATO DE BETAMETASONA;CETOCONAZOL, DIPROPIONATO DE BETAMETASONA;3;100430798
475;CETOCONAZOL + DIPROPIONATO DE BETAMETASONA;CETOCONAZOL, DIPROPIONATO DE BETAMETASONA;3;100430797
476;CETOCONAZOL + DIPROPIONATO DE BETAMETASONA;CETOCONAZOL, DIPROPIONATO DE BETAMETASONA;23;103700496
477;CETOCONAZOL + DIPROPIONATO DE BETAMETASONA;CETOCONAZOL, DIPROPIONATO DE BETAMETASONA;9;126750105
478;CETOCONAZOL + DIPROPIONATO DE BETAMETASONA;CETOCONAZOL, DIPROPIONATO DE BETAMETASONA;9;126750097
479;CETOCONAZOL + DIPROPIONATO DE BETAMETASONA;CETOCONAZOL, DIPROPIONATO DE BETAMETASONA;5;125680120
480;CETOCONAZOL + DIPROPIONATO DE BETAMETASONA;CETOCONAZOL, DIPROPIONATO DE BETAMETASONA;5;125680121
481;CETOCONAZOL + DIPROPIONATO DE BETAMETASONA + SULFATO DE NEOMICINA;CETOCONAZOL, DIPROPIONATO DE BETAMETASONA, SULFATO DE NEOMICINA;38;104810116
482;CETOCONAZOL + DIPROPIONATO DE BETAMETASONA + SULFATO DE NEOMICINA;CETOCONAZOL, DIPROPIONATO DE BETAMETASONA, SULFATO DE NEOMICINA;72;105710149
483;CETOCONAZOL + DIPROPIONATO DE BETAMETASONA + SULFATO DE NEOMICINA;CETOCONAZOL, DIPROPIONATO DE BETAMETASONA, SULFATO DE NEOMICINA;3;100430821
484;CETOCONAZOL + DIPROPIONATO DE BETAMETASONA + SULFATO DE NEOMICINA;CETOCONAZOL, DIPROPIONATO DE BETAMETASONA, SULFATO DE NEOMICINA;3;100430820
485;CETOCONAZOL + DIPROPIONATO DE BETAMETASONA + SULFATO DE NEOMICINA;CETOCONAZOL, DIPROPIONATO DE BETAMETASONA, SULFATO DE NEOMICINA;7;105830292
486;CETOCONAZOL + DIPROPIONATO DE BETAMETASONA + SULFATO DE NEOMICINA;CETOCONAZOL, DIPROPIONATO DE BETAMETASONA, SULFATO DE NEOMICINA;23;103700464
487;CETOCONAZOL + DIPROPIONATO DE BETAMETASONA + SULFATO DE NEOMICINA;CETOCONAZOL, DIPROPIONATO DE BETAMETASONA, SULFATO DE NEOMICINA;9;126750070
488;CETOCONAZOL + DIPROPIONATO DE BETAMETASONA + SULFATO DE NEOMICINA;CETOCONAZOL, DIPROPIONATO DE BETAMETASONA, SULFATO DE NEOMICINA;9;126750087
489;CETOCONAZOL + DIPROPIONATO DE BETAMETASONA + SULFATO DE NEOMICINA;CETOCONAZOL, DIPROPIONATO DE BETAMETASONA, SULFATO DE NEOMICINA;5;125680132
490;CETOCONAZOL+ DIPROPIONATO DE BETAMETASONA+ SULFATO DE NEOMICINA;CETOCONAZOL, DIPROPIONATO DE BETAMETASONA, SULFATO DE NEOMICINA;5;125680133
491;CETOPROFENO;CETOPROFENO;21;112130491
492;CETOPROFENO;CETOPROFENO;22;102980276
493;CETOPROFENO;CETOPROFENO;22;102980320
494;CETOPROFENO;CETOPROFENO;6;102350610
495;CETOPROFENO;CETOPROFENO;3;100430722
496;CETOPROFENO;CETOPROFENO;3;100431236
497;CETOPROFENO;CETOPROFENO;7;105830925
498;CETOPROFENO;CETOPROFENO;28;113430195
499;CETOPROFENO;CETOPROFENO;23;103700548
500;CETOPROFENO;CETOPROFENO;8;167730582
501;CETOPROFENO;CETOPROFENO;9;126750316
502;CIBEX;CELECOXIBE;73;103720281
503;CICLOPIROX OLAMINA;CICLOPIROX OLAMINA;6;102350947
504;CICLOPIROX OLAMINA;CICLOPIROX OLAMINA;7;105830643
505;CICLOPIROX OLAMINA;CICLOPIROX OLAMINA;8;167730094
506;CICLOPIROX OLAMINA;CICLOPIROX OLAMINA;63;141070125
507;CICLOPIROX OLAMINA;CICLOPIROX OLAMINA;5;125680081
508;CICLOPIROX OLAMINA;CICLOPIROX OLAMINA;5;125680158
509;CICLOSPORINA;CICLOSPORINA;7;105830234
510;CILOSTAZOL;CILOSTAZOL;43;135170022
511;CILOSTAZOL;CILOSTAZOL;3;100430992
512;CIMETIDINA;CIMETIDINA;23;103700285
513;CIMETIDINA;CIMETIDINA;23;103700402
514;CIMETIDINA;CIMETIDINA;20;118190157
515;CINARIZINA;CINARIZINA;9;126750062
516;CINARIZINA;CINARIZINA;10;123520143
517;CIPROFIBRATO;CIPROFIBRATO;1;105730607
518;CIPROFIBRATO;CIPROFIBRATO;4;154230231
519;CIPROFLOXACINO;CIPROFLOXACINO;40;100410153
520;CIPROFLOXACINO;CIPROFLOXACINO;74;103110120
521;CISPLATINA;CISPLATINA;47;155370002
522;CITALOPRAM;CITALOPRAM;1;105730543
523;CITALOPRAM;BROMIDRATO DE CITALOPRAM;59;104920152
524;CITALOPRAM;CITALOPRAM;10;123520101
525;CITALOPRAM;BROMIDRATO DE CITALOPRAM;14;100470377
526;CITALOPRAM;CITALOPRAM;12;156510011
527;CITARABINA;CITARABINA;47;155370005
528;CITARABINA;CITARABINA;39;188300064
529;CITRATO DE FENTANILA;CITRATO DE FENTANILA;23;103700588
530;CITRATO DE ORFENADRINA + DIPIRONA SÓDICA + CAFEÍNA;CAFEÍNA ANIDRA, CITRATO DE ORFENADRINA, DIPIRONA;6;102350733
531;CITRATO DE SILDENAFILA;CITRATO DE SILDENAFILA;43;135170003
532;CITRATO DE SILDENAFILA;CITRATO DE SILDENAFILA;21;112130470
533;CITRATO DE SILDENAFILA;CITRATO DE SILDENAFILA;18;143810213
534;CITRATO DE SILDENAFILA;CITRATO DE SILDENAFILA;6;102351136
535;CITRATO DE SILDENAFILA;CITRATO DE SILDENAFILA;3;100431150
536;CITRATO DE SILDENAFILA;CITRATO DE SILDENAFILA;32;110390212
537;CITRATO DE SILDENAFILA;CITRATO DE SILDENAFILA;4;154230214
538;CITRATO DE SILDENAFILA;CITRATO DE SILDENAFILA;7;105830791
539;CITRATO DE SILDENAFILA;CITRATO DE SILDENAFILA;75;126250101
540;CITRATO DE SILDENAFILA;CITRATO DE SILDENAFILA;23;103700561
541;CITRATO DE SILDENAFILA;CITRATO DE SILDENAFILA;5;125680261
542;CITRATO DE SILDENAFILA;CITRATO DE SILDENAFILA;10;123520242
543;CITRATO DE SILDENAFILA;CITRATO DE SILDENAFILA;14;100470479
544;CITRATO DE SILDENAFILA;CITRATO DE SILDENAFILA;12;156510071
545;CITRATO DE TAMOXIFENO;CITRATO DE TAMOXIFENO;6;102351241
546;CITRATO DE TAMOXIFENO;CITRATO DE TAMOXIFENO;14;100470280
547;CLARITROMICINA;CLARITROMICINA;6;102350544
548;CLARITROMICINA;CLARITROMICINA;6;102350482
549;CLARITROMICINA;CLARITROMICINA;31;183260025
550;CLARITROMICINA;CLARITROMICINA;76;155900003
551;CLINDELLA;TIBOLONA;9;126750330
552;CLONAZEPAM;CLONAZEPAM;22;102980500
553;CLONAZEPAM;CLONAZEPAM;6;102350752
554;CLONAZEPAM;CLONAZEPAM;6;102351124
555;CLONAZEPAM;CLONAZEPAM;3;100430971
556;CLONAZEPAM;CLONAZEPAM;7;105830429
557;CLONAZEPAM;CLONAZEPAM;9;126750173
558;CLONAZEPAM;CLONAZEPAM;63;141070121
559;CLONAZEPAM;CLONAZEPAM;5;125680270
560;CLONAZEPAM;CLONAZEPAM;10;123520193
561;CLONAZEPAM;CLONAZEPAM;56;107140250
562;CLONAZEPAM;CLONAZEPAM;54;146820038
563;CLONAZEPAM;CLONAZEPAM;15;104970007
564;CLONAZEPAM (PORT. 344/98 – LISTA B1);CLONAZEPAM;5;125680230
565;CLONIXINATO DE LISINA;CLONIXINATO DE LISINA;6;102351218
566;CLORIDRATO DE  SOTALOL;CLORIDRATO DE SOTALOL;14;100470325
567;CLORIDRATO DE AMBROXOL;CLORIDRATO DE AMBROXOL;44;105530284
568;CLORIDRATO DE AMBROXOL;CLORIDRATO DE AMBROXOL;21;112130334
569;CLORIDRATO DE AMBROXOL;CLORIDRATO DE AMBROXOL;22;102980306
570;CLORIDRATO DE AMBROXOL;CLORIDRATO DE AMBROXOL;6;102350481
571;CLORIDRATO DE AMBROXOL;CLORIDRATO DE AMBROXOL;57;110850039
572;CLORIDRATO DE AMBROXOL;CLORIDRATO DE AMBROXOL;28;113430123
573;CLORIDRATO DE AMBROXOL;CLORIDRATO DE AMBROXOL;23;103700312
574;CLORIDRATO DE AMBROXOL;CLORIDRATO DE AMBROXOL;77;105040052
575;CLORIDRATO DE AMBROXOL;CLORIDRATO DE AMBROXOL;65;162410002
576;CLORIDRATO DE AMBROXOL;CLORIDRATO DE AMBROXOL;5;125680038
577;CLORIDRATO DE AMBROXOL;CLORIDRATO DE AMBROXOL;5;125680039
578;CLORIDRATO DE AMBROXOL;CLORIDRATO DE AMBROXOL;78;109630064
579;CLORIDRATO DE AMILORIDA + HIDROCLOROTIAZIDA;CLORIDRATO DE AMILORIDA, HIDROCLOROTIAZIDA;6;102350675
580;CLORIDRATO DE AMIODARONA;CLORIDRATO DE AMIODARONA;1;105730580
581;CLORIDRATO DE AMIODARONA;CLORIDRATO DE AMIODARONA;4;154230277
582;CLORIDRATO DE AMITRIPTILINA;;79;146680092
583;CLORIDRATO DE AMITRIPTILINA;CLORIDRATO DE AMITRIPTILINA;6;102350885
584;CLORIDRATO DE AMITRIPTILINA;CLORIDRATO DE AMITRIPTILINA;32;110390181
585;CLORIDRATO DE AMITRIPTILINA;CLORIDRATO DE AMITRIPTILINA;10;123520110
586;CLORIDRATO DE AMITRIPTILINA (PORT. 344/98 LISTA C1);CLORIDRATO DE AMITRIPTILINA;23;103700510
587;CLORIDRATO DE AZELASTINA;CLORIDRATO DE AZELASTINA;6;102350525
588;CLORIDRATO DE BETAXOLOL;CLORIDRATO DE BETAXOLOL;22;102980257
589;CLORIDRATO DE BROMEXINA;CLORIDRATO DE BROMEXINA;6;102350822
590;CLORIDRATO DE BROMEXINA;CLORIDRATO DE BROMEXINA;19;135690465
591;CLORIDRATO DE BROMEXINA;CLORIDRATO DE BROMEXINA;19;135690404
592;CLORIDRATO DE BROMEXINA;CLORIDRATO DE BROMEXINA;4;154230176
593;CLORIDRATO DE BROMEXINA;CLORIDRATO DE BROMEXINA;7;105830583
594;CLORIDRATO DE BROMEXINA;CLORIDRATO DE BROMEXINA;5;125680099
595;CLORIDRATO DE BUPIVACAÍNA;CLORIDRATO DE BUPIVACAÍNA;34;103870053
596;CLORIDRATO DE BUPIVACAÍNA + GLICOSE;CLORIDRATO DE BUPIVACAÍNA, GLICOSE ANIDRA;28;113430168
597;CLORIDRATO DE BUPROPIONA;CLORIDRATO DE BUPROPIONA;6;102351039
598;CLORIDRATO DE BUPROPIONA;CLORIDRATO DE BUPROPIONA;6;102351231
599;CLORIDRATO DE BUPROPIONA;CLORIDRATO DE BUPROPIONA;7;105830938
600;CLORIDRATO DE BUPROPIONA;CLORIDRATO DE BUPROPIONA;9;126750319
601;CLORIDRATO DE BUPROPIONA;CLORIDRATO DE BUPROPIONA;15;104971413
602;CLORIDRATO DE CEFEPIMA;CLORIDRATO DE CEFEPIMA;53;100630227
603;CLORIDRATO DE CEFEPIMA;CLORIDRATO DE CEFEPIMA;58;114020037
604;CLORIDRATO DE CEFEPIME;CLORIDRATO DE CEFEPIMA;35;151670014
605;CLORIDRATO DE CICLOBENZAPRINA;CLORIDRATO DE CICLOBENZAPRINA;38;104810108
606;CLORIDRATO DE CICLOBENZAPRINA;CLORIDRATO DE CICLOBENZAPRINA;1;105730572
607;CLORIDRATO DE CICLOBENZAPRINA;CLORIDRATO DE CICLOBENZAPRINA;2;155840043
608;CLORIDRATO DE CICLOBENZAPRINA;CLORIDRATO DE CICLOBENZAPRINA;18;143810174
609;CLORIDRATO DE CICLOBENZAPRINA;CLORIDRATO DE CICLOBENZAPRINA;3;100430945
610;CLORIDRATO DE CICLOBENZAPRINA;CLORIDRATO DE CICLOBENZAPRINA;5;125680280
611;CLORIDRATO DE CINACALCETE;cloridrato de cinacalcete;13;151430026
612;CLORIDRATO DE CINACALCETE;cloridrato de cinacalcete;14;100470589
613;CLORIDRATO DE CIPROFLOXACINO;cloridrato de ciprofloxacino monoidratado;38;104810114
614;CLORIDRATO DE CIPROFLOXACINO;CLORIDRATO DE CIPROFLOXACINO ;35;151670007
615;CLORIDRATO DE CIPROFLOXACINO;CLORIDRATO DE CIPROFLOXACINO ;21;112130362
616;CLORIDRATO DE CIPROFLOXACINO;CLORIDRATO DE CIPROFLOXACINO ;37;100380094
617;CLORIDRATO DE CIPROFLOXACINO;CLORIDRATO DE CIPROFLOXACINO ;6;102350478
618;CLORIDRATO DE CIPROFLOXACINO;CLORIDRATO DE CIPROFLOXACINO ;3;100431185
619;CLORIDRATO DE CIPROFLOXACINO;CLORIDRATO DE CIPROFLOXACINO ;4;154230145
620;CLORIDRATO DE CIPROFLOXACINO;cloridrato de ciprofloxacino monoidratado;50;105350140
621;CLORIDRATO DE CIPROFLOXACINO;cloridrato de ciprofloxacino monoidratado;9;126750015
622;CLORIDRATO DE CIPROFLOXACINO;CLORIDRATO DE CIPROFLOXACINO ;5;125680150
623;CLORIDRATO DE CIPROFLOXACINO;CLORIDRATO DE CIPROFLOXACINO ;14;100470351
624;CLORIDRATO DE CIPROFLOXACINO;CLORIDRATO DE CIPROFLOXACINO ;12;156510001
625;CLORIDRATO DE CLINDAMICINA;CLORIDRATO DE CLINDAMICINA monoidratado;6;102350805
626;CLORIDRATO DE CLINDAMICINA;CLORIDRATO DE CLINDAMICINA monoidratado;23;103700471
627;CLORIDRATO DE CLINDAMICINA;CLORIDRATO DE CLINDAMICINA monoidratado;15;104971332
628;CLORIDRATO DE CLOBUTINOL + SUCCINATO DE DOXILAMINA;CLORIDRATO DE CLOBUTINOL, SUCCINATO DE DOXILAMINA;5;125680098
629;CLORIDRATO DE CLOBUTINOL + SUCCINATO DE DOXILAMINA;CLORIDRATO DE CLOBUTINOL, SUCCINATO DE DOXILAMINA;15;104971261
630;CLORIDRATO DE CLOMIPRAMINA;CLORIDRATO DE CLOMIPRAMINA;6;102350673
631;CLORIDRATO DE CLOMIPRAMINA;CLORIDRATO DE CLOMIPRAMINA;7;105830354
632;CLORIDRATO DE DEXMEDETOMIDINA;CLORIDRATO DE DEXMEDETOMIDINA;25;155620051
633;CLORIDRATO DE DEXMEDETOMIDINA;CLORIDRATO DE DEXMEDETOMIDINA;15;104971391
634;CLORIDRATO DE DEXMEDETOMIDINA;CLORIDRATO DE DEXMEDETOMIDINA;67;193570001
635;CLORIDRATO DE DOBUTAMINA;CLORIDRATO DE DOBUTAMINA;28;113430117
636;CLORIDRATO DE DOBUTAMINA;CLORIDRATO DE DOBUTAMINA;23;103700582
637;CLORIDRATO DE DOBUTAMINA;CLORIDRATO DE DOBUTAMINA;58;114020050
638;CLORIDRATO DE DONEPEZILA;CLORIDRATO DE DONEPEZILA;80;137640139
639;CLORIDRATO DE DONEPEZILA;CLORIDRATO DE DONEPEZILA;21;112130447
640;CLORIDRATO DE DONEPEZILA;CLORIDRATO DE DONEPEZILA;22;102980393
641;CLORIDRATO DE DONEPEZILA;CLORIDRATO DE DONEPEZILA;81;112090138
642;CLORIDRATO DE DONEPEZILA;CLORIDRATO DE DONEPEZILA;32;110390161
643;CLORIDRATO DE DONEPEZILA;CLORIDRATO DE DONEPEZILA;54;146820035
644;CLORIDRATO DE DONEPEZILA;CLORIDRATO DE DONEPEZILA;82;105250042
645;CLORIDRATO DE DONEPEZILA;CLORIDRATO DE DONEPEZILA;12;156510072
646;CLORIDRATO DE DOPAMINA;CLORIDRATO DE DOPAMINA;23;103700395
647;CLORIDRATO DE DOPAMINA;CLORIDRATO DE DOPAMINA;15;104971198
648;CLORIDRATO DE DORZOLAMIDA;CLORIDRATO DE DORZOLAMIDA;1;105730578
649;CLORIDRATO DE DORZOLAMIDA + MALEATO DE TIMOLOL;CLORIDRATO DE DORZOLAMIDA, MALEATO DE TIMOLOL;23;103700529
650;CLORIDRATO DE DOXICICLINA;CLORIDRATO DE DOXICICLINA;6;102350462
651;CLORIDRATO DE DOXICICLINA;CLORIDRATO DE DOXICICLINA;23;103700729
652;CLORIDRATO DE DOXICICLINA;CLORIDRATO DE DOXICICLINA;8;167730334
653;CLORIDRATO DE DOXICICLINA;CLORIDRATO DE DOXICICLINA;10;123520087
654;CLORIDRATO DE DOXORRUBICINA;CLORIDRATO DE DOXORRUBICINA;47;155370063
655;CLORIDRATO DE DOXORRUBICINA;CLORIDRATO DE DOXORRUBICINA;3;100430004
656;CLORIDRATO DE DOXORRUBICINA;CLORIDRATO DE DOXORRUBICINA;69;110130232
657;CLORIDRATO DE DULOXETINA;CLORIDRATO DE DULOXETINA;1;105730603
658;CLORIDRATO DE DULOXETINA;CLORIDRATO DE DULOXETINA;3;100431239
659;CLORIDRATO DE DULOXETINA;CLORIDRATO DE DULOXETINA;7;105830765
660;CLORIDRATO DE DULOXETINA;CLORIDRATO DE DULOXETINA;8;167730389
661;CLORIDRATO DE DULOXETINA;CLORIDRATO DE DULOXETINA;9;126750170
662;CLORIDRATO DE DULOXETINA;CLORIDRATO DE DULOXETINA;83;100681159
663;CLORIDRATO DE EPINASTINA;CLORIDRATO DE EPINASTINA;10;123520253
664;CLORIDRATO DE EPINASTINA;CLORIDRATO DE EPINASTINA;54;146820037
665;CLORIDRATO DE EPIRRUBICINA;CLORIDRATO DE EPIRRUBICINA;47;155370015
666;CLORIDRATO DE ERLOTINIBE;CLORIDRATO DE ERLOTINIBE;14;100470615
667;CLORIDRATO DE FEXOFENADINA;CLORIDRATO DE FEXOFENADINA;38;104810139
668;CLORIDRATO DE FEXOFENADINA;CLORIDRATO DE FEXOFENADINA;18;143810203
669;CLORIDRATO DE FEXOFENADINA;CLORIDRATO DE FEXOFENADINA;9;126750052
670;CLORIDRATO DE FEXOFENADINA;CLORIDRATO DE FEXOFENADINA;10;123520142
671;CLORIDRATO DE FEXOFENADINA;CLORIDRATO DE FEXOFENADINA;42;156490006
672;CLORIDRATO DE FINGOLIMODE;cloridrato de fingolimode;6;102351172
673;CLORIDRATO DE FLOUXETINA;CLORIDRATO DE FLUOXETINA;6;102350464
674;CLORIDRATO DE FLUOXETINA;CLORIDRATO DE FLUOXETINA;47;155370065
675;CLORIDRATO DE FLUOXETINA;CLORIDRATO DE FLUOXETINA;35;151670043
676;CLORIDRATO DE FLUOXETINA;CLORIDRATO DE FLUOXETINA;1;105730600
677;CLORIDRATO DE FLUOXETINA;CLORIDRATO DE FLUOXETINA;18;143810201
678;CLORIDRATO DE FLUOXETINA;CLORIDRATO DE FLUOXETINA;6;102350818
679;CLORIDRATO DE FLUOXETINA;CLORIDRATO DE FLUOXETINA;3;100431159
680;CLORIDRATO DE FLUOXETINA;CLORIDRATO DE FLUOXETINA;32;110390186
681;CLORIDRATO DE FLUOXETINA;CLORIDRATO DE FLUOXETINA;32;110390211
682;CLORIDRATO DE FLUOXETINA;CLORIDRATO DE FLUOXETINA;7;105830380
683;CLORIDRATO DE FLUOXETINA;CLORIDRATO DE FLUOXETINA;28;113430169
684;CLORIDRATO DE FLUOXETINA;CLORIDRATO DE FLUOXETINA;50;105350180
685;CLORIDRATO DE FLUOXETINA;CLORIDRATO DE FLUOXETINA;24;100890386
686;CLORIDRATO DE FLUOXETINA;CLORIDRATO DE FLUOXETINA;52;117170077
687;CLORIDRATO DE FLUOXETINA;CLORIDRATO DE FLUOXETINA;14;100470290
688;CLORIDRATO DE FLUOXETINA;CLORIDRATO DE FLUOXETINA;15;104971428
689;CLORIDRATO DE FLUOXETINA;CLORIDRATO DE FLUOXETINA;12;156510007
690;CLORIDRATO DE FLUOXETINA (PORT 344/98 - LISTA C1);CLORIDRATO DE FLUOXETINA;23;103700487
691;CLORIDRATO DE FLUOXETINA (PORT. 344/98 - LISTA C1);CLORIDRATO DE FLUOXETINA;7;105830518
692;CLORIDRATO DE FLUOXETINA (PORT. 344/98 - LISTA C1);CLORIDRATO DE FLUOXETINA;23;103700574
693;CLORIDRATO DE GANISETRONA;CLORIDRATO DE GRANISETRONA;3;100430912
694;CLORIDRATO DE GENCITABINA;CLORIDRATO DE GENCITABINA;26;116370077
695;CLORIDRATO DE GENCITABINA;CLORIDRATO DE GENCITABINA;12;156510061
696;CLORIDRATO DE GRANISETRONA;CLORIDRATO DE GRANISETRONA;34;103870068
697;CLORIDRATO DE HIDROXIZINA;CLORIDRATO DE HIDROXIZINA;8;167730092
698;CLORIDRATO DE HIDROXIZINA;DICLORIDRATO DE HIDROXIZINA;51;109170089
699;CLORIDRATO DE HIDROXIZINA;DICLORIDRATO DE HIDROXIZINA;71;147610022
700;CLORIDRATO DE HIDROXIZINA;DICLORIDRATO DE HIDROXIZINA;9;126750178
701;CLORIDRATO DE HIDROXIZINA;CLORIDRATO DE HIDROXIZINA;63;141070084
702;CLORIDRATO DE HIDROXIZINE;CLORIDRATO DE HIDROXIZINA;50;105350170
703;CLORIDRATO DE IRINOTECANO;CLORIDRATO DE IRINOTECANO TRIIDRATADO;3;100430891
704;CLORIDRATO DE IRINOTECANO;CLORIDRATO DE IRINOTECANO TRIIDRATADO;40;100410156
705;CLORIDRATO DE IRINOTECANO;CLORIDRATO DE IRINOTECANO;69;110130235
706;CLORIDRATO DE LERCANIDIPINO;CLORIDRATO DE LERCANIDIPINO;6;102351137
707;CLORIDRATO DE LIDOCAINA;CLORIDRATO DE LIDOCAINA;34;103870041
708;CLORIDRATO DE LIDOCAINA;CLORIDRATO DE LIDOCAINA;58;114020077
709;CLORIDRATO DE LIDOCAÍNA;CLORIDRATO DE LIDOCAINA;22;102980249
710;CLORIDRATO DE LIDOCAÍNA;CLORIDRATO DE LIDOCAINA;28;113430102
711;CLORIDRATO DE LIDOCAÍNA;CLORIDRATO DE LIDOCAINA;28;113430112
712;CLORIDRATO DE LIDOCAÍNA;CLORIDRATO DE LIDOCAINA;23;103700528
713;CLORIDRATO DE LINCOMICINA;CLORIDRATO DE LINCOMICINA;23;103700283
714;CLORIDRATO DE LOPERAMIDA;CLORIDRATO DE LOPERAMIDA;14;100470525
715;CLORIDRATO DE MEMANTINA;CLORIDRATO DE MEMANTINA;59;104920193
716;CLORIDRATO DE MEMANTINA;CLORIDRATO DE MEMANTINA;2;155840562
717;CLORIDRATO DE MEMANTINA;CLORIDRATO DE MEMANTINA;3;100431134
718;CLORIDRATO DE MEMANTINA;CLORIDRATO DE MEMANTINA;23;103700595
719;CLORIDRATO DE MEMANTINA;CLORIDRATO DE MEMANTINA;14;100470579
720;CLORIDRATO DE MEMANTINA;CLORIDRATO DE MEMANTINA;54;146820041
721;CLORIDRATO DE MEMANTINA;CLORIDRATO DE MEMANTINA;42;156490010
722;CLORIDRATO DE METFORMINA;CLORIDRATO DE METFORMINA;38;104810093
723;CLORIDRATO DE METFORMINA;CLORIDRATO DE METFORMINA;35;151670015
724;CLORIDRATO DE METFORMINA;CLORIDRATO DE METFORMINA;1;105730613
725;CLORIDRATO DE METFORMINA;CLORIDRATO DE METFORMINA;1;105730617
726;CLORIDRATO DE METFORMINA;CLORIDRATO DE METFORMINA;18;143810140
727;CLORIDRATO DE METFORMINA;CLORIDRATO DE METFORMINA;6;102350659
728;CLORIDRATO DE METFORMINA;CLORIDRATO DE METFORMINA;6;102351135
729;CLORIDRATO DE METFORMINA;CLORIDRATO DE METFORMINA;32;110390193
730;CLORIDRATO DE METFORMINA;CLORIDRATO DE METFORMINA;4;154230270
731;CLORIDRATO DE METFORMINA;CLORIDRATO DE METFORMINA;84;154630003
732;CLORIDRATO DE METFORMINA;CLORIDRATO DE METFORMINA;8;167730409
733;CLORIDRATO DE METFORMINA;CLORIDRATO DE METFORMINA;24;100890275
734;CLORIDRATO DE METFORMINA;CLORIDRATO DE METFORMINA;24;100890379
735;CLORIDRATO DE METFORMINA;CLORIDRATO DE METFORMINA;20;118190176
736;CLORIDRATO DE METFORMINA;CLORIDRATO DE METFORMINA;9;126750190
737;CLORIDRATO DE METFORMINA;CLORIDRATO DE METFORMINA;5;125680247
738;CLORIDRATO DE METFORMINA + GLIBENCLAMIDA;CLORIDRATO DE METFORMINA, GLIBENCLAMIDA;9;126750298
739;CLORIDRATO DE METILFENIDATO;CLORIDRATO DE METILFENIDATO;6;102351224
740;CLORIDRATO DE METOCLOPRAMIDA;CLORIDRATO DE METOCLOPRAMIDA monoidratado;18;143810162
741;CLORIDRATO DE METOCLOPRAMIDA;CLORIDRATO DE METOCLOPRAMIDA monoidratado;6;102350826
742;CLORIDRATO DE METOCLOPRAMIDA;CLORIDRATO DE METOCLOPRAMIDA monoidratado;19;135690414
743;CLORIDRATO DE METOCLOPRAMIDA;CLORIDRATO DE METOCLOPRAMIDA monoidratado;28;113430128
744;CLORIDRATO DE METOCLOPRAMIDA;CLORIDRATO DE METOCLOPRAMIDA monoidratado;23;103700281
745;CLORIDRATO DE MINOCICLINA;CLORIDRATO DE MINOCICLINA;10;123520091
746;CLORIDRATO DE MOXIFLOXACINO;CLORIDRATO DE MOXIFLOXACINO;6;102351054
747;CLORIDRATO DE MOXIFLOXACINO;CLORIDRATO DE MOXIFLOXACINO;3;100431183
748;CLORIDRATO DE MOXIFLOXACINO;CLORIDRATO DE MOXIFLOXACINO;4;154230284
749;CLORIDRATO DE MOXIFLOXACINO;CLORIDRATO DE MOXIFLOXACINO;7;105830744
750;CLORIDRATO DE MOXIFLOXACINO;CLORIDRATO DE MOXIFLOXACINO;34;103870066
751;CLORIDRATO DE MOXIFLOXACINO;CLORIDRATO DE MOXIFLOXACINO;9;126750147
752;CLORIDRATO DE NAFAZOLINA;CLORIDRATO DE NAFAZOLINA;23;103700455
753;CLORIDRATO DE NAFAZOLINA;CLORIDRATO DE NAFAZOLINA;65;162410016
754;CLORIDRATO DE NAFAZOLINA;CLORIDRATO DE NAFAZOLINA;5;125680181
755;CLORIDRATO DE NAFAZOLINA;CLORIDRATO DE NAFAZOLINA;78;109630065
756;CLORIDRATO DE NAFAZOLINA+MALEATO DE FENIRAMINA;CLORIDRATO DE NAFAZOLINA, MALEATO DE FENIRAMINA;4;154230193
757;CLORIDRATO DE NALBUFINA;CLORIDRATO DE NALBUFINA;28;113430188
758;CLORIDRATO DE NALOXONA;CLORIDRATO DE NALOXONA;28;113430177
759;CLORIDRATO DE NARATRIPTANA;CLORIDRATO DE NARATRIPTANa;6;102351010
760;CLORIDRATO DE NARATRIPTANA;CLORIDRATO DE NARATRIPTANa;7;105830706
761;CLORIDRATO DE NARATRIPTANA;CLORIDRATO DE NARATRIPTANa;8;167730164
762;CLORIDRATO DE NARATRIPTANA;CLORIDRATO DE NARATRIPTANa;9;126750129
763;CLORIDRATO DE NEBIVOLOL;cloridrato de nebivolol;80;137640142
764;CLORIDRATO DE NEBIVOLOL;cloridrato de nebivolol;59;104920232
765;CLORIDRATO DE NEBIVOLOL;cloridrato de nebivolol;23;103700689
766;CLORIDRATO DE NEBIVOLOL;cloridrato de nebivolol;82;105250054
767;CLORIDRATO DE NORTRIPTILINA;CLORIDRATO DE NORTRIPTILINA;10;123520191
768;CLORIDRATO DE NORTRIPTILINA;;12;156510050
769;CLORIDRATO DE NORTRIPTILINA (PORTARIA 344/98 - LISTA C1);CLORIDRATO DE NORTRIPTILINA;3;100430904
770;CLORIDRATO DE ONDANSENTRONA;CLORIDRATO  DE ONDANSETRONA DI-hIDRATADO;15;104971403
771;CLORIDRATO DE ONDANSETRONA;CLORIDRATO  DE ONDANSETRONA DI-hIDRATADO;26;116370146
772;CLORIDRATO DE ONDANSETRONA;CLORIDRATO DE ONDANSETRONA;34;103870058
773;CLORIDRATO DE ONDANSETRONA;CLORIDRATO DE ONDANSETRONA;58;114020047
774;CLORIDRATO DE OXIBUTININA;CLORIDRATO DE OXIBUTININA;6;102350796
775;CLORIDRATO DE OXIMETAZOLINA;CLORIDRATO DE OXIMETAZOLINA;6;102350782
776;CLORIDRATO DE OXIMETAZOLINA;CLORIDRATO DE OXIMETAZOLINA;23;103700469
777;CLORIDRATO DE PALONOSETRONA;CLORIDRATO DE PALONOSETRONA;47;155370041
778;CLORIDRATO DE PAROXETINA;CLORIDRATO DE PAROXETINA;22;102980464
779;CLORIDRATO DE PAROXETINA;CLORIDRATO DE PAROXETINA;6;102350964
780;CLORIDRATO DE PAROXETINA;CLORIDRATO DE PAROXETINA;7;105830660
781;CLORIDRATO DE PAROXETINA;CLORIDRATO DE PAROXETINA;8;167730111
782;CLORIDRATO DE PAROXETINA;CLORIDRATO DE PAROXETINA;5;125680266
783;CLORIDRATO DE PAROXETINA;CLORIDRATO DE PAROXETINA;10;123520102
784;CLORIDRATO DE PAROXETINA;CLORIDRATO DE PAROXETINA;15;104971387
785;CLORIDRATO DE PAROXETINA;CLORIDRATO DE PAROXETINA;12;156510005
786;CLORIDRATO DE PAROXETINA (PORT 344/98 LISTA C1);cloridrato de paroxetina hemi-hidratado;1;105730635
787;CLORIDRATO DE PAROXETINA (PORTARIA 344/98 LISTA C1);CLORIDRATO DE PAROXETINA;3;100430898
788;CLORIDRATO DE PETIDINA (PORT. 344/98 - LISTA A1);CLORIDRATO DE PETIDINA;15;104971339
789;CLORIDRATO DE PIOGLITAZONA;CLORIDRATO DE PIOGLITAZONA;6;102351019
790;CLORIDRATO DE PIOGLITAZONA;CLORIDRATO DE PIOGLITAZONA;7;105830716
791;CLORIDRATO DE PIOGLITAZONA;CLORIDRATO DE PIOGLITAZONA;8;167730336
792;CLORIDRATO DE PIOGLITAZONA;CLORIDRATO DE PIOGLITAZONA;9;126750127
793;CLORIDRATO DE PIRIDOXINA + CLORIDRATO DE TIAMINA + FOSFATO DISSÓDICO DE DEXAMETASONA + CIANOCOBALAMINA;CIANOCOBALAMINA, CLORIDRATO DE PIRIDOXINA, CLORIDRATO DE TIAMINA, FOSFATO DISSÓDICO DE DEXAMETASONA;24;100890389
794;CLORIDRATO DE PROMETAZINA;CLORIDRATO DE PROMETAZINA, PROMETAZINA;23;103700691
795;CLORIDRATO DE PROMETAZINA;CLORIDRATO DE PROMETAZINA;5;125680213
796;CLORIDRATO DE PROPAFENONA;CLORIDRATO DE PROPAFENONA;44;105530361
797;CLORIDRATO DE PROPAFENONA;CLORIDRATO DE PROPAFENONA;43;135170016
798;CLORIDRATO DE PROPAFENONA;CLORIDRATO DE PROPAFENONA;3;100431130
799;CLORIDRATO DE PROPAFENONA;CLORIDRATO DE PROPAFENONA;5;125680255
800;CLORIDRATO DE PROPANOLOL + HIDROCLOROTIAZIDA;CLORIDRATO DE PROPRANOLOL, HIDROCLOROTIAZIDA;19;135690254
801;CLORIDRATO DE PROPRANOLOL;CLORIDRATO DE PROPRANOLOL;18;143810136
802;CLORIDRATO DE PROPRANOLOL;CLORIDRATO DE PROPRANOLOL;6;102350644
803;CLORIDRATO DE PROPRANOLOL;CLORIDRATO DE PROPRANOLOL;23;103700379
804;CLORIDRATO DE PROPRANOLOL;CLORIDRATO DE PROPRANOLOL;51;109170101
805;CLORIDRATO DE PROPRANOLOL;CLORIDRATO DE PROPRANOLOL;63;141070065
806;CLORIDRATO DE PROPRANOLOL;CLORIDRATO DE PROPRANOLOL;5;125680168
807;CLORIDRATO DE PROPRANOLOL;CLORIDRATO DE PROPRANOLOL;15;104971314
808;CLORIDRATO DE RALOXIFENO;CLORIDRATO DE RALOXIFENO;85;115240003
809;CLORIDRATO DE RALOXIFENO;CLORIDRATO DE RALOXIFENO;75;126250100
810;CLORIDRATO DE RANITIDINA;CLORIDRATO DE RANITIDINA;38;104810119
811;CLORIDRATO DE RANITIDINA;CLORIDRATO DE RANITIDINA;80;137640102
812;CLORIDRATO DE RANITIDINA;CLORIDRATO DE RANITIDINA;1;105730605
813;CLORIDRATO DE RANITIDINA;CLORIDRATO DE RANITIDINA;45;147420002
814;CLORIDRATO DE RANITIDINA;CLORIDRATO DE RANITIDINA;18;143810179
815;CLORIDRATO DE RANITIDINA;CLORIDRATO DE RANITIDINA;6;102350430
816;CLORIDRATO DE RANITIDINA;CLORIDRATO DE RANITIDINA;6;102350815
817;CLORIDRATO DE RANITIDINA;CLORIDRATO DE RANITIDINA;19;135690397
818;CLORIDRATO DE RANITIDINA;CLORIDRATO DE RANITIDINA;28;113430140
819;CLORIDRATO DE RANITIDINA;CLORIDRATO DE RANITIDINA;34;103870044
820;CLORIDRATO DE RANITIDINA;CLORIDRATO DE RANITIDINA;23;103700385
821;CLORIDRATO DE RANITIDINA;CLORIDRATO DE RANITIDINA;23;103700449
822;CLORIDRATO DE RANITIDINA;CLORIDRATO DE RANITIDINA;71;147610025
823;CLORIDRATO DE RANITIDINA;CLORIDRATO DE RANITIDINA;58;114020042
824;CLORIDRATO DE RANITIDINA;CLORIDRATO DE RANITIDINA;63;141070080
825;CLORIDRATO DE RANITIDINA;CLORIDRATO DE RANITIDINA;14;100470332
826;CLORIDRATO DE RANITIDINA;CLORIDRATO DE RANITIDINA;15;104971204
827;CLORIDRATO DE REMIFENTANILA;CLORIDRATO DE REMIFENTANILA;22;102980414
828;CLORIDRATO DE ROPIVACAINA;CLORIDRATO DE ROPIVACAÍNA;34;103870072
829;CLORIDRATO DE ROPIVACAÍNA;CLORIDRATO DE ROPIVACAÍNA;3;100430957
830;CLORIDRATO DE SERTRALINA;CLORIDRATO DE SERTRALINA;1;105730596
831;CLORIDRATO DE SERTRALINA;CLORIDRATO DE SERTRALINA;2;155840412
832;CLORIDRATO DE SERTRALINA;CLORIDRATO DE SERTRALINA;18;143810180
833;CLORIDRATO DE SERTRALINA;CLORIDRATO DE SERTRALINA;6;102350700
834;CLORIDRATO DE SERTRALINA;CLORIDRATO DE SERTRALINA;3;100430744
835;CLORIDRATO DE SERTRALINA;CLORIDRATO DE SERTRALINA;4;154230225
836;CLORIDRATO DE SERTRALINA;CLORIDRATO DE SERTRALINA;5;125680271
837;CLORIDRATO DE SERTRALINA;CLORIDRATO DE SERTRALINA;86;105500196
838;CLORIDRATO DE SEVELAMER;CLORIDRATO DE SEVELAMER;22;102980411
839;CLORIDRATO DE SEVELAMER;CLORIDRATO DE SEVELAMER;46;110630138
840;CLORIDRATO DE SIBUTRAMINA;CLORIDRATO DE SIBUTRAMINA MONOIDRATADO;6;102350884
841;CLORIDRATO DE SIBUTRAMINA MONOIDRATADO;CLORIDRATO DE SIBUTRAMINA MONOIDRATADO;1;105730547
842;CLORIDRATO DE SIBUTRAMINA MONOIDRATADO;CLORIDRATO DE SIBUTRAMINA MONOIDRATADO;3;100431149
843;CLORIDRATO DE SOTALOL;CLORIDRATO DE SOTALOL;1;105730601
844;CLORIDRATO DE SOTALOL;CLORIDRATO DE SOTALOL;2;155840496
845;CLORIDRATO DE SOTALOL;CLORIDRATO DE SOTALOL;24;100890281
846;CLORIDRATO DE TANSULOSINA;CLORIDRATO DE TANSULOSINA;59;104920201
847;CLORIDRATO DE TANSULOSINA;CLORIDRATO DE TANSULOSINA;6;102351240
848;CLORIDRATO DE TANSULOSINA;CLORIDRATO DE TANSULOSINA;4;154230182
849;CLORIDRATO DE TANSULOSINA;CLORIDRATO DE TANSULOSINA;7;105830918
850;CLORIDRATO DE TANSULOSINA;CLORIDRATO DE TANSULOSINA;8;167730575
851;CLORIDRATO DE TANSULOSINA;CLORIDRATO DE TANSULOSINA;9;126750308
852;CLORIDRATO DE TERBINAFINA;CLORIDRATO DE TERBINAFINA;1;105730619
853;CLORIDRATO DE TERBINAFINA;CLORIDRATO DE TERBINAFINA;6;102350480
854;CLORIDRATO DE TERBINAFINA;CLORIDRATO DE TERBINAFINA;6;102350561
855;CLORIDRATO DE TERBINAFINA;;3;100430790
856;CLORIDRATO DE TERBINAFINA;CLORIDRATO DE TERBINAFINA;7;105830521
857;CLORIDRATO DE TERBINAFINA;CLORIDRATO DE TERBINAFINA;23;103700557
858;CLORIDRATO DE TERBINAFINA;CLORIDRATO DE TERBINAFINA;23;103700707
859;CLORIDRATO DE TERBINAFINA;CLORIDRATO DE TERBINAFINA;5;125680065
860;CLORIDRATO DE TETRACICLINA;CLORIDRATO DE TETRACICLINA;23;103700567
861;CLORIDRATO DE TETRACICLINA;CLORIDRATO DE TETRACICLINA;51;109170071
862;CLORIDRATO DE TETRACICLINA;CLORIDRATO DE TETRACICLINA;5;125680171
863;CLORIDRATO DE TETRACICLINA + ANFOTERICINA B;ANFOTERICINA B, CLORIDRATO DE TETRACICLINA;22;102980277
864;CLORIDRATO DE TICLOPIDINA;CLORIDRATO DE TICLOPIDINA;6;102350674
865;CLORIDRATO DE TIZANIDINA;CLORIDRATO DE TIZANIDINA;10;123520196
866;CLORIDRATO DE TIZANIDINA;CLORIDRATO DE TIZANIDINA;42;156490008
867;CLORIDRATO DE TOPOTECANA;CLORIDRATO DE TOPOTECANA;47;155370029
868;CLORIDRATO DE TRAMADOL;CLORIDRATO DE TRAMADOL;6;102350854
869;CLORIDRATO DE TRAMADOL;CLORIDRATO DE TRAMADOL;6;102350731
870;CLORIDRATO DE TRAMADOL;CLORIDRATO DE TRAMADOL;19;135690433
871;CLORIDRATO DE TRAMADOL;CLORIDRATO DE TRAMADOL;7;105830279
872;CLORIDRATO DE TRAMADOL;CLORIDRATO DE TRAMADOL;74;103110141
873;CLORIDRATO DE TRAMADOL;CLORIDRATO DE TRAMADOL;58;114020079
874;CLORIDRATO DE TRAMADOL;CLORIDRATO DE TRAMADOL;14;100470328
875;CLORIDRATO DE TRAMADOL;CLORIDRATO DE TRAMADOL;15;104971313
876;CLORIDRATO DE TRAMADOL;CLORIDRATO DE TRAMADOL;11;103920182
877;CLORIDRATO DE TRAMADOL (PORT 344/98 - LISTA A2);CLORIDRATO DE TRAMADOL;7;105830539
878;CLORIDRATO DE TRAMADOL (PORT 344/98 - LISTA A2);CLORIDRATO DE TRAMADOL;23;103700502
879;CLORIDRATO DE TRAMADOL (PORT 344/98 LISTA A2);CLORIDRATO DE TRAMADOL;7;105830388
880;CLORIDRATO DE TRAMADOL (PORT. 344/98 - LISTA A2);CLORIDRATO DE TRAMADOL;28;113430174
881;CLORIDRATO DE TRAMADOL (PORT. 344/98, L-A2);CLORIDRATO DE TRAMADOL;23;103700503
882;CLORIDRATO DE TRAMADOL (PORTARIA 344/98 - LISTA A2);CLORIDRATO DE TRAMADOL;28;113430156
883;CLORIDRATO DE TRAMADOL 50 MG/ML;CLORIDRATO DE TRAMADOL;7;105830554
884;CLORIDRATO DE TRAZODONA;CLORIDRATO DE TRAZODONA;7;105830789
885;CLORIDRATO DE TRAZODONA;CLORIDRATO DE TRAZODONA;82;105250059
886;CLORIDRATO DE VALACICLOVIR;CLORIDRATO DE VALACICLOVIR;10;123520227
887;CLORIDRATO DE VANCOMICINA;CLORIDRATO DE VANCOMICINA;48;103460017
888;CLORIDRATO DE VANCOMICINA;CLORIDRATO DE VANCOMICINA;26;116370092
889;CLORIDRATO DE VANCOMICINA;CLORIDRATO DE VANCOMICINA;3;100430709
890;CLORIDRATO DE VANCOMICINA;CLORIDRATO DE VANCOMICINA;23;103700461
891;CLORIDRATO DE VARDENAFILA;cloridrato de vardenafila;6;102351173
892;CLORIDRATO DE VENLAFAXINA;CLORIDRATO DE VENLAFAXINA;3;100431147
893;CLORIDRATO DE VENLAFAXINA (PORT. 344/98 L-C1);CLORIDRATO DE VENLAFAXINA;1;105730604
894;CLORIDRATO DE VERAPAMIL;CLORIDRATO DE VERAPAMIL;6;102350626
895;CLORIDRATO DE VERAPAMIL;CLORIDRATO DE VERAPAMIL;7;105830343
896;CLORIDRATO DE VERAPAMIL;CLORIDRATO DE VERAPAMIL;23;103700373
897;CLORIDRATO DE VERAPAMIL;CLORIDRATO DE VERAPAMIL;14;100470343
898;CLORIDRATO DE VERAPAMIL;CLORIDRATO DE VERAPAMIL;56;107140245
899;CLORIDRATO DE ZIPRASIDONA;CLORIDRATO DE ZIPRASIDONA MONOIDRATADO;6;102351095
900;CLORIDRATO DE ZIPRASIDONA;CLORIDRATO DE ZIPRASIDONA MONOIDRATADO;32;110390171
901;CLORIDRATO DE ZIPRASIDONA;CLORIDRATO DE ZIPRASIDONA MONOIDRATADO;75;126250099
902;CLORIDRATRO DE TRAZODONA;CLORIDRATO DE TRAZODONA;8;167730413
903;CLORITECAN;CLORIDRATO DE IRINOTECANO;47;155370056
904;CLORTALIDONA;CLORTALIDONA;6;102350614
905;CLOTRIMAZOL;CLOTRIMAZOL;6;102350440
906;CLOTRIMAZOL;CLOTRIMAZOL;23;103700457
907;CLOTRIMAZOL;CLOTRIMAZOL;5;125680210
908;CLOTRIMAZOL;CLOTRIMAZOL;11;103920171
909;CLOTRIMAZOL + ACETATO DE DEXAMETASONA;ACETATO DE DEXAMETASONA, CLOTRIMAZOL;5;125680096
910;CLOZAPINA;CLOZAPINA;22;102980378
911;CLOZAPINA;CLOZAPINA;87;101830148
912;COLCHICINA;COLCHICINA;4;154230203
913;COLISTIMETATO SODICO;COLISTIMETATO DE SÓDIO;25;155620039
914;CORTAZIDIN;DICLORIDRATO DE TRIMETAZIDINA;9;126750324
915;COSARTAN HCT;HIDROCLOROTIAZIDA, VALSARTANA;7;105830913
916;CROPOC;tacrolimo monoidratado;8;167730596
917;CYTOS;CITARABINA;47;155370066
918;Cabazitaxel;cabazitaxel;47;155370053
919;Captopril;CAPTOPRIL;35;151670036
920;Captopril;CAPTOPRIL;88;162620005
921;Captopril;CAPTOPRIL;4;154230282
922;Carbamazepina;CARBAMAZEPINA;56;107140252
923;Carbamazepina;CARBAMAZEPINA;15;104971331
924;Carbocisteína;CARBOCISTEÍNA;19;135690257
925;Carvedilol;CARVEDILOL;82;105250038
926;Cefadroxila;CEFADROXILA;23;103700537
927;Cetoconazol;CETOCONAZOL;78;109630057
928;Cetoconazol + Dipropionato de Betametasona + Sulfato de Neomicina;CETOCONAZOL, DIPROPIONATO DE BETAMETASONA, SULFATO DE NEOMICINA;18;143810142
929;Cetoconazol + Dipropionato de Betametasona + Sulfato de Neomicina;CETOCONAZOL, DIPROPIONATO DE BETAMETASONA, SULFATO DE NEOMICINA;4;154230106
930;Cetoconazol + dipropionato de betametasona + sulfato de neomicina;CETOCONAZOL, DIPROPIONATO DE BETAMETASONA, SULFATO DE NEOMICINA;23;103700468
931;Cetoconazol+Dipropionato de Betametasona+Sulfato de Neomicina;CETOCONAZOL, DIPROPIONATO DE BETAMETASONA, SULFATO DE NEOMICINA;4;154230109
932;Ciclopirox- olamina;CICLOPIROX OLAMINA;50;105350149
933;Cilostazol;CILOSTAZOL;6;102351263
934;Cimetidina;CIMETIDINA;5;125680186
935;Clonazepam;CLONAZEPAM;12;156510029
936;Cloridrato de Ambroxol;CLORIDRATO DE AMBROXOL;18;143810089
937;Cloridrato de Ambroxol;CLORIDRATO DE AMBROXOL;4;154230067
938;Cloridrato de Bromexina;CLORIDRATO DE BROMEXINA;50;105350141
939;Cloridrato de Ciclobenzaprina;CLORIDRATO DE CICLOBENZAPRINA;6;102350958
940;Cloridrato de Ciclobenzaprina;CLORIDRATO DE CICLOBENZAPRINA;7;105830651
941;Cloridrato de Ciclobenzaprina;CLORIDRATO DE CICLOBENZAPRINA;8;167730106
942;Cloridrato de Ciprofloxacino;CLORIDRATO DE CIPROFLOXACINO ;7;105830530
943;Cloridrato de Clorpromazina;CLORIDRATO DE CLORPROMAZINA;22;102980474
944;Cloridrato de Dobutamina;CLORIDRATO DE DOBUTAMINA;34;103870057
945;Cloridrato de Fingolimode;cloridrato de fingolimode;89;155730040
946;Cloridrato de Metformina;CLORIDRATO DE METFORMINA;47;155370064
947;Cloridrato de Metformina;CLORIDRATO DE METFORMINA;28;113430160
948;Cloridrato de Metformina;CLORIDRATO DE METFORMINA;23;103700506
949;Cloridrato de Olopatadina;CLORIDRATO DE OLOPATADINA;2;155840463
950;Cloridrato de Oxibutinina;CLORIDRATO DE OXIBUTININA;22;102980506
951;Cloridrato de Paroxetina;cloridrato de paroxetina hemi-hidratado;3;100431265
952;Cloridrato de Pioglitazona;CLORIDRATO DE PIOGLITAZONA;47;155370068
953;Cloridrato de Sevelamer;CLORIDRATO DE SEVELAMER;6;102350985
954;Cloridrato de Sibutramina Monoidratada;CLORIDRATO DE SIBUTRAMINA MONOIDRATADO;23;103700531
955;Cloridrato de Terbinafina;CLORIDRATO DE TERBINAFINA;59;104920181
956;Cloridrato de Verapamil;CLORIDRATO DE VERAPAMIL;1;105730628
957;Cloridrato de Verapamil;CLORIDRATO DE VERAPAMIL;1;105730640
958;Cloridrato de cinacalcete;cloridrato de cinacalcete;6;102351239
959;Cloridrato de ciprofloxacino;cloridrato de ciprofloxacino monoidratado;8;167730067
960;Cloridrato de dexmedetomidina;CLORIDRATO DE DEXMEDETOMIDINA;21;112130488
961;Cloridrato de dexmedetomidina;CLORIDRATO DE DEXMEDETOMIDINA;22;102980466
962;Cloridrato de dexmedetomidina;CLORIDRATO DE DEXMEDETOMIDINA;3;100431233
963;Cloridrato de diltiazem;CLORIDRATO DE DILTIAZEM;6;102350740
964;Cloridrato de dopamina;CLORIDRATO DE DOPAMINA;28;113430116
965;Cloridrato de doxiciclina;CLORIDRATO DE DOXICICLINA;63;141070098
966;Cloridrato de memantina;CLORIDRATO DE MEMANTINA;5;125680264
967;Cloridrato de oxicodona;CLORIDRATO DE OXICODONA;55;122140109
968;Cloridrato de pioglitazona;CLORIDRATO DE PIOGLITAZONA;82;105250051
969;Cloridrato de raloxifeno;CLORIDRATO DE RALOXIFENO;6;102351288
970;Cloridrato de trazodona;CLORIDRATO DE TRAZODONA;6;102351138
971;Clotrimazol;CLOTRIMAZOL;6;102350712
972;Clotrimazol;CLOTRIMAZOL;19;135690235
973;Clotrimazol;CLOTRIMAZOL;7;105830382
974;Clotrimazol;CLOTRIMAZOL;7;105830519
975;DACARBAZINA;DACARBAZINA;33;106460184
976;DAPTOMICINA;DAPTOMICINA;13;151430038
977;DECITABINA;DECITABINA;13;151430021
978;DECITABINA;DECITABINA;54;146820069
979;DEFERASIROX;deferasirox;14;100470554
980;DEFLAZACORTE;DEFLAZACORTE;6;102350725
981;DEFLAZACORTE;DEFLAZACORTE;7;105830381
982;DEFLAZACORTE;DEFLAZACORTE;9;126750077
983;DEP;CLORIDRATO DE DULOXETINA;3;100431240
984;DERADOP;CLORIDRATO DE BUPROPIONA;9;126750329
985;DERMOSTATIN;NISTATINA, OXIDO DE ZINCO;8;167730607
986;DESLORATADINA;DESLORATADINA;1;105730616
987;DESLORATADINA;DESLORATADINA;1;105730620
988;DESLORATADINA;DESLORATADINA;5;125680218
989;DESLORATADINA;DESLORATADINA;14;100470535
990;DESLORATADINA;DESLORATADINA;12;156510056
991;DESOGESTREL;DESOGESTREL;14;100470517
992;DESONIDA;DESONIDA;7;105830367
993;DESONIDA;DESONIDA;7;105830413
994;DESONIDA;DESONIDA;7;105830398
995;DESONIDA;DESONIDA;63;141070090
996;DEX;CLORIDRATO DE DEXMEDETOMIDINA;22;102980469
997;DEXAMETASONA;DEXAMETASONA;22;102980258
998;DEXAMETASONA;DEXAMETASONA;6;102350515
999;DEXAMETASONA;DEXAMETASONA;6;102350702
1000;DEXAMETASONA;DEXAMETASONA;23;103700284
